city,state,pm2_5_mean,pm2_5_p95,pm10_mean,no2_mean,so2_mean,co_mean,ozone_max_mean,aqi_mean,temp_mean,precip_total,wind_mean,days,unhealthy_day_share,county,latitude,longitude,region,uninsured,high_bp,asthma,heart_disease,copd,smoking,depression,diabetes,inactivity,obesity,population,asthma_level,pm_level
Albuquerque,NM,7.367237442922374,14.125833333333334,11.419121004566211,10.029954337899543,1.4233675799086758,186.32043378995434,109.55342465753425,61.71506849315068,14.872602739726027,284.5,21.314520547945207,365,0.0410958904109589,Bernalillo,35.08,-106.65,West,14.0,33.5,9.7,6.5,5.6,12.0,24.6,11.6,23.2,33.0,671586.0,Low,Low
Anchorage,AK,5.8684018264840185,13.604166666666666,8.560399543378995,10.053869863013698,0.8085958904109589,181.3368721461187,67.7041095890411,39.298630136986304,2.5956164383561644,1011.3,13.288493150684932,365,0.0,Anchorage,61.22,-149.9,West,9.5,31.5,10.7,5.1,5.3,14.0,21.3,8.9,19.8,35.0,286075.0,High,Low
Atlanta,GA,12.570502283105023,23.657500000000002,18.301849315068495,12.989349315068493,2.895787671232877,252.57351598173514,109.51506849315068,72.92328767123287,17.096712328767122,1412.2,18.44630136986301,365,0.17534246575342466,Fulton,33.75,-84.39,South,10.1,33.4,9.4,4.6,4.5,9.9,16.9,10.9,20.0,28.2,1079105.0,Low,High
Austin,TX,8.568755707762557,15.995833333333334,13.099075342465754,6.604086757990868,1.2104223744292237,176.5425799086758,96.47945205479452,55.00547945205479,21.73890410958904,1032.7,20.807945205479452,365,0.03287671232876712,Travis,30.27,-97.74,South,13.9,26.6,9.2,4.1,4.0,9.5,22.1,9.0,19.9,30.4,1334961.0,Low,Low
Bakersfield,CA,10.858687214611871,17.215833333333336,25.087294520547943,20.146769406392693,1.6348858447488586,243.68755707762557,104.4958904109589,68.89041095890411,19.764383561643836,459.2,15.65095890410959,365,0.13150684931506848,Kern,35.37,-119.02,West,16.7,32.0,10.3,6.2,6.4,14.6,22.8,13.3,31.9,36.0,913820.0,High,Medium
Birmingham,AL,11.732054794520547,22.905,17.041792237442923,17.0723401826484,5.601769406392694,241.08070776255707,109.24109589041096,67.96438356164384,17.946027397260274,1283.9,16.793972602739725,365,0.14794520547945206,Jefferson,33.52,-86.81,South,9.1,42.7,9.9,6.6,6.9,13.7,22.7,15.1,28.0,37.4,662895.0,Low,High
Boise,ID,7.188641552511415,13.842500000000001,10.817043378995434,5.8653881278538815,0.8708447488584475,179.19383561643835,99.46575342465754,50.912328767123284,11.810684931506849,388.6,19.10219178082192,365,0.0027397260273972603,Ada,43.62,-116.2,West,8.5,31.2,10.3,5.4,5.3,10.4,25.0,9.0,18.4,29.0,524673.0,High,Low
Boston,MA,11.529988584474886,21.960833333333333,16.943253424657534,20.461221461187215,2.794292237442922,259.11940639269403,87.41095890410959,62.446575342465756,11.335890410958905,1425.5,19.766575342465753,365,0.057534246575342465,Suffolk,42.36,-71.06,Northeast,6.6,27.4,11.4,4.8,5.1,11.1,23.2,9.3,23.8,24.2,768425.0,High,High
Boulder,CO,8.790034246575344,15.9625,13.061118721461188,15.030022831050227,1.578892694063927,197.76826484018267,110.9068493150685,61.556164383561644,8.444383561643836,602.0,15.147945205479452,365,0.043835616438356165,Boulder,40.01,-105.27,West,7.8,21.9,10.3,4.8,4.7,8.8,23.3,7.1,12.1,16.7,326831.0,High,Low
Charlotte,NC,12.383059360730593,23.32916666666667,17.965719178082193,12.854452054794521,3.6036415525114154,254.85890410958905,108.33424657534246,71.42191780821918,16.526575342465755,1088.3,16.494246575342466,365,0.1643835616438356,Mecklenburg,35.23,-80.84,South,10.1,31.0,10.4,4.8,5.0,10.8,22.7,10.1,20.9,29.7,1163701.0,High,High
Chicago,IL,13.502077625570776,28.054166666666674,19.40313926940639,20.54107305936073,4.6512899543379,256.7035388127854,90.53698630136986,67.15890410958905,10.973424657534247,1245.4,24.819999999999997,365,0.08767123287671233,Cook,41.88,-87.63,Midwest,11.8,31.0,9.8,5.3,5.7,11.1,18.7,11.8,23.3,31.0,5087072.0,Low,High
Cincinnati,OH,11.724132420091324,24.075000000000006,16.889041095890413,14.667990867579908,5.040205479452054,244.72397260273974,99.0958904109589,63.87123287671233,13.630684931506849,1039.6,17.159178082191783,365,0.0958904109589041,Hamilton,39.1,-84.51,Midwest,7.7,36.3,11.4,6.5,7.1,13.9,25.4,13.2,24.4,35.6,827058.0,High,High
Cleveland,OH,11.010913242009133,25.60416666666667,15.838333333333333,10.591301369863013,4.389223744292237,226.80376712328768,95.8082191780822,64.03013698630137,11.423287671232877,1088.4,24.704383561643837,365,0.1095890410958904,Cuyahoga,41.5,-81.69,Midwest,8.4,38.5,11.6,6.9,7.7,14.8,23.9,13.4,24.7,35.3,1233088.0,High,Medium
Colorado Springs,CO,6.422785388127854,10.5,9.989577625570776,7.8899771689497715,1.3146118721461186,167.61415525114154,109.76438356164384,55.85205479452055,9.093150684931507,496.9,17.997260273972604,365,0.010958904109589041,El Paso,38.83,-104.82,West,9.5,28.1,11.6,4.9,5.2,10.7,25.4,8.7,18.8,28.3,744215.0,High,Low
Columbus,OH,10.655776255707764,21.44500000000001,15.356038812785387,7.775308219178083,3.0889840182648403,220.31655251141555,93.96164383561644,58.5972602739726,12.557534246575342,1104.9,17.60876712328767,365,0.0547945205479452,Franklin,39.96,-83.0,Midwest,8.4,32.9,11.2,5.6,6.3,13.9,25.8,11.8,23.7,33.7,1326063.0,High,Medium
Dallas,TX,11.482146118721461,21.437500000000004,16.952888127853882,19.930422374429224,2.6396803652968037,250.12739726027397,103.82739726027397,70.41917808219178,20.334794520547945,1438.2,22.15095890410959,365,0.1589041095890411,Dallas,32.78,-96.8,South,20.6,33.1,9.8,5.3,5.6,12.5,19.3,12.5,30.5,35.7,2606358.0,Low,High
Denver,CO,9.90173515981735,17.665000000000003,14.745616438356164,21.016746575342466,2.26634703196347,233.6882420091324,110.04109589041096,64.0958904109589,9.118082191780822,537.7,17.502191780821917,365,0.03561643835616438,Denver,39.74,-104.99,West,12.5,21.7,10.3,4.1,4.2,10.3,22.7,7.1,17.0,21.6,716577.0,High,Medium
Detroit,MI,13.07736301369863,26.6275,18.783595890410957,19.84823059360731,6.063961187214612,278.0013698630137,86.24931506849315,64.23835616438356,10.902191780821918,996.2,22.3,365,0.07397260273972603,Wayne,42.33,-83.05,Midwest,8.1,40.3,12.3,7.4,9.2,16.9,24.3,14.3,29.7,37.4,1751169.0,High,High
El Paso,TX,8.492203196347033,15.846666666666671,13.45082191780822,15.34603881278539,3.1920662100456623,277.4243150684932,109.16164383561645,60.224657534246575,19.224657534246575,95.6,21.930410958904112,365,0.0273972602739726,El Paso,31.76,-106.49,South,29.0,33.1,8.6,5.8,4.9,12.1,19.9,15.4,33.4,34.0,869880.0,Low,Low
Fresno,CA,10.76939497716895,17.773333333333337,16.5349200913242,12.148139269406393,1.7397488584474885,222.01084474885843,109.03287671232877,72.59726027397261,17.95671232876712,648.5,15.205205479452054,365,0.15616438356164383,Fresno,36.74,-119.79,West,14.6,31.7,9.9,6.2,6.0,13.2,21.4,12.7,30.9,37.7,1017162.0,Low,Medium
Honolulu,HI,7.760216894977169,12.439166666666669,14.48041095890411,1.8687671232876713,1.258607305936073,109.93618721461188,75.27123287671233,45.61095890410959,24.028767123287672,526.5,22.277534246575343,365,0.0,Honolulu,21.31,-157.86,West,5.2,31.6,9.5,5.8,4.7,9.8,15.1,12.4,23.7,25.3,989408.0,Low,Low
Houston,TX,11.643721461187214,20.731666666666676,18.728344748858447,18.43315068493151,4.115456621004566,209.54280821917808,103.40821917808219,70.01643835616439,22.026027397260275,1453.1,20.693698630136986,365,0.13150684931506848,Harris,29.76,-95.37,South,21.3,32.8,9.2,5.4,5.5,12.7,19.7,13.2,26.8,37.3,4835125.0,Low,High
Indianapolis,IN,10.453481735159817,21.00166666666667,15.083732876712329,7.754200913242009,3.177180365296804,214.4541095890411,95.42191780821918,58.83835616438356,12.908493150684933,1000.5,18.37041095890411,365,0.07123287671232877,Marion,39.77,-86.16,Midwest,10.7,38.2,11.8,5.9,7.3,15.0,25.5,13.0,24.3,38.3,968460.0,High,Medium
Jacksonville,FL,10.402454337899544,17.24833333333334,17.040970319634702,8.552066210045663,6.322157534246576,180.89988584474884,110.04109589041096,68.95616438356164,21.38109589041096,1103.5,19.62904109589041,365,0.13972602739726028,Duval,30.33,-81.66,South,13.6,35.4,10.3,6.3,7.0,13.9,19.6,12.8,27.1,34.3,1030822.0,High,Medium
Kansas City,MO,10.543938356164384,19.997500000000002,15.244052511415525,11.628139269406391,2.8061643835616437,221.24828767123287,96.8986301369863,62.75616438356165,14.09835616438356,1098.1,18.53041095890411,365,0.10410958904109589,Jackson,39.1,-94.58,Midwest,10.0,35.7,10.5,6.2,7.4,15.8,25.4,12.1,30.9,37.2,718560.0,High,Medium
Las Vegas,NV,7.8815981735159815,13.644166666666669,12.491906392694064,16.59767123287671,2.0830479452054793,197.65022831050226,115.79178082191781,71.35068493150685,20.56821917808219,224.0,22.227123287671233,365,0.18356164383561643,Clark,36.17,-115.14,West,15.4,34.5,10.1,6.2,6.9,14.8,20.3,12.4,27.1,31.4,2336573.0,Low,Low
Los Angeles,CA,19.173401826484017,40.344166666666666,29.02978310502283,49.29601598173516,9.424988584474885,386.2420091324201,116.44657534246575,88.42191780821918,16.944657534246577,969.0,17.393972602739726,365,0.2465753424657534,Los Angeles,34.05,-118.24,West,11.7,30.2,9.1,5.3,4.9,11.2,19.0,12.6,26.2,26.5,9663345.0,Low,High
Memphis,TN,10.448698630136986,19.629166666666674,15.178070776255709,11.263732876712329,2.8162442922374424,216.49874429223746,105.89041095890411,66.28219178082192,17.68109589041096,1310.0,17.49150684931507,365,0.15342465753424658,Shelby,35.15,-90.05,South,12.2,43.0,11.7,6.5,7.9,17.2,24.9,15.9,27.5,39.7,910042.0,High,Medium
Miami,FL,10.292614155251142,16.035,20.49565068493151,2.2900342465753423,0.9350913242009132,122.19988584474886,88.53972602739726,55.42465753424658,25.084383561643833,1944.8,20.315342465753425,365,0.005479452054794521,Miami-Dade,25.76,-80.19,South,25.6,33.8,8.5,6.8,5.3,11.3,13.5,15.4,32.5,29.5,2686867.0,Low,Medium
Milwaukee,WI,11.29041095890411,26.840000000000014,16.23925799086758,8.706506849315069,2.866095890410959,212.6205479452055,93.56986301369864,61.33698630136986,10.185205479452055,938.6,21.1186301369863,365,0.08493150684931507,Milwaukee,43.04,-87.91,Midwest,10.8,35.2,11.8,6.2,6.7,14.6,23.6,13.1,27.8,38.6,916205.0,High,Medium
Minneapolis,MN,11.94554794520548,24.797500000000003,17.196335616438358,13.328070776255707,2.6295205479452055,229.63059360730594,90.78356164383561,61.178082191780824,8.875342465753425,1082.8,16.94767123287671,365,0.043835616438356165,Hennepin,44.98,-93.27,Midwest,7.5,28.7,9.6,5.0,4.4,11.1,25.5,8.1,18.9,27.1,1258713.0,Low,High
Nashville,TN,10.473287671232876,19.946666666666673,15.142089041095891,8.142385844748858,2.4529794520547945,223.04554794520547,101.7013698630137,60.24657534246575,16.204109589041096,1534.7,15.983013698630138,365,0.06575342465753424,Davidson,36.16,-86.78,South,11.8,33.3,10.7,5.1,6.2,14.0,28.2,11.2,24.7,32.3,712334.0,High,Medium
New Orleans,LA,10.98095890410959,23.844166666666666,17.093527397260274,11.306118721461187,2.4153995433789954,193.35114155251142,110.40547945205479,71.1972602739726,22.20958904109589,1151.1,20.316986301369862,365,0.20273972602739726,Orleans,29.95,-90.07,South,8.3,41.9,10.5,7.0,7.3,15.0,26.7,16.2,26.8,34.4,364136.0,High,Medium
New York,NY,16.363630136986302,32.837500000000006,23.810262557077625,33.93243150684931,6.242545662100457,323.8409817351598,86.88493150684931,75.00821917808219,13.007671232876714,1520.1,20.924657534246574,365,0.10684931506849316,New York,40.71,-74.01,Northeast,6.8,27.2,9.6,4.9,4.4,8.2,18.5,8.9,20.4,19.2,1597451.0,Low,High
Oklahoma City,OK,8.620159817351597,16.845833333333335,12.58654109589041,6.818253424657534,1.3809360730593607,196.78447488584473,98.78356164383561,58.136986301369866,17.123561643835618,808.9,23.410958904109588,365,0.06027397260273973,Oklahoma,35.47,-97.52,South,12.5,37.1,11.5,6.7,7.0,14.3,25.0,12.6,29.2,37.7,808866.0,High,Low
Omaha,NE,10.223778538812786,20.985,14.806324200913242,10.34384703196347,2.7892237442922374,209.9428082191781,90.99178082191781,57.57260273972603,12.277534246575343,653.7,20.864931506849313,365,0.03561643835616438,Douglas,41.26,-95.94,Midwest,10.3,30.6,8.7,5.3,5.6,13.4,18.9,9.8,22.1,36.9,589540.0,Low,Medium
Phoenix,AZ,11.471118721461186,20.962500000000002,22.723139269406392,28.685148401826485,3.1964155251141553,280.31552511415526,120.48219178082192,79.16164383561645,23.512054794520548,253.7,18.498356164383562,365,0.2136986301369863,Maricopa,33.45,-112.07,West,12.9,30.8,10.0,5.7,5.7,10.8,18.6,10.6,20.4,30.4,4585871.0,Low,Medium
Portland,OR,7.949737442922374,16.064166666666665,11.926666666666668,13.734668949771688,1.5952054794520547,216.5134703196347,76.78630136986301,48.16986301369863,11.946575342465753,1367.4,17.71753424657534,365,0.005479452054794521,Multnomah,45.52,-122.68,West,7.5,28.5,11.7,5.2,5.3,12.0,29.9,9.5,17.6,28.9,789698.0,High,Low
Raleigh,NC,11.749292237442923,23.30000000000001,17.143344748858446,8.953390410958905,2.702066210045662,235.64132420091323,103.38082191780822,66.26301369863013,16.807945205479452,1079.5,15.877534246575342,365,0.1178082191780822,Wake,35.78,-78.64,South,7.9,32.2,10.1,4.7,4.6,9.6,23.1,9.5,18.0,29.3,1190275.0,Low,High
Riverside,CA,12.334463470319633,22.31333333333334,18.770559360730594,22.438276255707763,3.77796803652968,266.50696347031965,149.51780821917808,105.93424657534247,17.365479452054792,724.0,19.86904109589041,365,0.3863013698630137,Riverside,33.95,-117.4,West,12.7,33.3,9.5,6.0,5.4,11.5,21.7,12.4,27.3,36.8,2492442.0,Low,High
Sacramento,CA,9.334611872146118,17.83,14.098093607305936,14.400011415525114,2.051541095890411,211.47705479452054,97.55616438356165,58.14246575342466,16.11945205479452,755.6,16.357260273972603,365,0.043835616438356165,Sacramento,38.58,-121.49,West,8.7,30.9,10.2,5.7,5.6,11.8,22.5,11.2,21.5,29.6,1584288.0,High,Low
Salt Lake City,UT,12.00304794520548,24.995833333333334,18.852009132420093,25.532979452054796,2.6276826484018265,245.55239726027398,111.46301369863014,72.24109589041096,10.613424657534248,686.9,18.591506849315067,365,0.11506849315068493,Salt Lake,40.76,-111.89,West,11.6,27.5,11.0,4.4,4.4,8.2,27.8,8.5,18.6,29.9,1185813.0,High,High
San Antonio,TX,8.424052511415525,15.638333333333339,13.00752283105023,8.086141552511416,1.4817009132420091,177.20285388127854,96.54520547945205,54.05205479452055,22.37945205479452,848.1,20.578356164383564,365,0.0410958904109589,Bexar,29.42,-98.49,South,21.9,33.5,9.0,5.4,5.1,12.2,22.2,13.9,30.6,34.1,2087679.0,Low,Low
San Diego,CA,15.162248858447489,27.872500000000002,24.89019406392694,26.752773972602743,3.455719178082192,285.16118721461186,101.87123287671233,70.26849315068493,16.246849315068495,573.6999999999999,19.303835616438356,365,0.07397260273972603,San Diego,32.72,-117.16,West,8.7,28.7,8.9,5.2,4.7,10.0,21.1,10.0,20.6,25.3,3269973.0,Low,High
San Francisco,CA,10.898641552511416,21.577500000000004,17.23543378995434,14.045410958904109,2.194109589041096,200.01826484018267,79.26849315068493,55.86027397260274,13.204383561643837,881.9,26.945205479452056,365,0.010958904109589041,San Francisco,37.77,-122.42,West,6.3,27.0,8.4,4.9,3.9,8.8,19.4,10.2,19.2,17.2,808988.0,Low,Medium
San Jose,CA,8.149737442922374,14.190833333333336,12.533504566210047,15.111632420091324,2.390239726027397,205.9777397260274,91.44109589041096,49.33698630136986,15.252876712328767,803.4,19.37123287671233,365,0.005479452054794521,Santa Clara,37.34,-121.89,West,6.8,27.0,7.9,4.5,3.5,8.1,17.8,10.5,22.2,21.9,1877592.0,Low,Low
Seattle,WA,9.898287671232877,19.26583333333334,14.772294520547945,20.497043378995436,2.519657534246575,242.60331050228308,80.96986301369863,55.271232876712325,11.402739726027397,1006.7,19.167123287671235,365,0.0273972602739726,King,47.61,-122.33,West,6.8,26.7,9.7,4.0,3.4,7.2,23.5,7.3,13.9,22.6,2271380.0,Low,Low
Tampa,FL,9.053721461187214,14.131666666666666,14.94722602739726,13.886906392694065,1.4729109589041094,182.1986301369863,99.11506849315069,56.106849315068494,23.46849315068493,1127.6,20.848219178082193,365,0.03561643835616438,Hillsborough,27.95,-82.46,South,16.1,34.4,9.4,6.0,6.0,12.1,16.6,12.5,23.9,31.6,1535564.0,Low,Low
Tucson,AZ,5.002477168949771,8.565000000000001,8.603721461187215,6.773664383561643,0.9705022831050228,163.97488584474885,109.67123287671232,56.33150684931507,22.07068493150685,312.1,20.435616438356163,365,0.043835616438356165,Pima,32.22,-110.97,West,12.7,34.1,10.9,6.7,6.8,10.5,22.8,11.0,22.3,31.1,1063162.0,High,Low
Washington,DC,13.284155251141554,26.709166666666672,19.232454337899544,18.62091324200913,4.498778538812785,276.47933789954334,101.56438356164384,71.12602739726027,14.535890410958904,1117.4,16.776986301369863,365,0.136986301369863,District of Columbia,38.91,-77.04,South,6.5,28.5,10.2,3.8,4.0,9.4,21.6,7.8,14.9,24.7,678972.0,High,High
